parc;estratos;spp;dap
1;Norte;Myrsine umbellata;12,73239545
1;Norte;Allophylus edulis;8,594366927
1;Norte;Myrsine umbellata;7,002817496
1;Norte;Myrsine umbellata;7,639437268
1;Norte;Myrsine umbellata;6,68450761
1;Norte;Eugenia pluriflora;5,252113122
1;Norte;Solanum sanctaecatharinae;6,725986566
1;Norte;Podocarpus lambertii;17,44338176
1;Norte;Matayba elaeagnoides;16,71126902
1;Norte;Gochnatia polymorpha;14,96056465
1;Norte;Solanum sanctaecatharinae;19,8625369
1;Norte;Araucaria angustifolia;5
1;Norte;Casearia decandra;5
1;Norte;Podocarpus lambertii;7,130141451
1;Norte;Zanthoxylum kleinii;5,379437077
1;Norte;Jacaranda puberula;9,45380362
1;Norte;Calyptranthes concinna;5,411268065
1;Norte;Duranta vestita;5,315775099
1;Norte;Jacaranda puberula;9,230986699
1;Norte;Myrcia laruotteana;15,96142382
1;Norte;Lithraea brasiliensis;19,79887492
1;Norte;Lithraea brasiliensis;16,80676199
1;Norte;Duranta vestita;9,421972631
1;Norte;Casearia decandra;8,350464166
1;Norte;Jacaranda puberula;10,37690229
1;Norte;Ilex theezans;9,390141642
1;Norte;Ocotea pulchella;26,26056561
1;Norte;Casearia decandra;8,276057041
1;Norte;Podocarpus lambertii;9,071831756
1;Norte;Casearia decandra;6,68450761
1;Norte;Gochnatia polymorpha;33,76469773
1;Norte;Casearia decandra;5,825070917
1;Norte;Cupania vernalis;5,092958179
1;Norte;Jacaranda puberula;5,092958179
1;Norte;Maytenus dasyclada;11,26124415
1;Norte;Matayba elaeagnoides;6,079718826
1;Norte;Matayba elaeagnoides;24,82817112
1;Norte;Casearia decandra;8,244226052
1;Norte;Lithraea brasiliensis;28,17042493
1;Norte;Gochnatia polymorpha;23,23662169
1;Norte;Erythroxylum deciduum;24,35070629
1;Norte;Zanthoxylum kleinii;5,156620156
1;Norte;Jacaranda puberula;11,4591559
1;Norte;Jacaranda puberula;11,80929678
1;Norte;Lithraea brasiliensis;5,952394872
1;Norte;Ocotea pulchella;28,71155173
2;Norte;Podocarpus lambertii;7,543944303
2;Norte;Jacaranda puberula;14,96056465
2;Norte;Solanum sanctaecatharinae;5,411268065
2;Norte;Eugenia pluriflora;13,05070533
2;Norte;Myrsine umbellata;10,56788822
2;Norte;Podocarpus lambertii;25,74660686
2;Norte;Calyptranthes concinna;6,175211792
2;Norte;Eugenia pluriflora;9,071831756
2;Norte;Gochnatia polymorpha;32,21296048
2;Norte;Scutia buxifolia;9,89943746
2;Norte;Calyptranthes concinna;12,16089579
2;Norte;Casearia obliqua;7,161972439
2;Norte;Cupania vernalis;26,36107494
2;Norte;Podocarpus lambertii;8,371550007
2;Norte;Dasyphyllum spinescens;63,34366735
2;Norte;Cupania vernalis;21,11601665
2;Norte;Podocarpus lambertii;20,53098766
2;Norte;Cupania vernalis;15,40619849
2;Norte;Drimys brasiliensis;7,957747155
2;Norte;Myrsine umbellata;20,37183272
2;Norte;Ocotea pulchella;42,97183463
2;Norte;Lithraea brasiliensis;27,50197417
2;Norte;Araucaria angustifolia;42,2397219
2;Norte;Eugenia pluriflora;6,047887837
2;Norte;Jacaranda puberula;7,703099246
2;Norte;Eugenia pluriflora;5,888732894
2;Norte;Casearia decandra;6,589014644
2;Norte;Araucaria angustifolia;12,41408556
2;Norte;Jacaranda puberula;12,73239545
2;Norte;Jacaranda puberula;6,366197724
2;Norte;Calyptranthes concinna;5,220282133
2;Norte;Jacaranda puberula;7,543944303
2;Norte;Jacaranda puberula;6,238873769
2;Norte;Lamanonia ternata;5,195866567
2;Norte;Jacaranda puberula;11,30000096
3;Norte;Drimys brasiliensis;6,047887837
3;Norte;Duranta vestita;11,84112777
3;Norte;Jacaranda puberula;6,270704758
3;Norte;Jacaranda puberula;13,68732511
3;Norte;Solanum sanctaecatharinae;12,28676161
3;Norte;Jacaranda puberula;19,25774811
3;Norte;Solanum sanctaecatharinae;13,14311503
3;Norte;Solanum sanctaecatharinae;5,98422586
3;Norte;Xylosma tweediana;6,525352667
3;Norte;Jacaranda puberula;10,79070514
3;Norte;Jacaranda puberula;8,148733086
3;Norte;Jacaranda puberula;20,18084678
3;Norte;Lithraea brasiliensis;21,8042272
3;Norte;Myrcia laruotteana;5
3;Norte;Jacaranda puberula;9,390141642
3;Norte;Eugenia pluriflora;6,175211792
3;Norte;Cinnamomum amoenum;45,32732779
3;Norte;Casearia decandra;10,18591636
3;Norte;Myrrhinium atropurpureum;15,40619849
3;Norte;Myrcia hatschbachii;7,671268257
3;Norte;Jacaranda puberula;19,41690306
3;Norte;Jacaranda puberula;11,01352206
3;Norte;Jacaranda puberula;8,75352187
3;Norte;Podocarpus lambertii;31,0352139
3;Norte;Lamanonia ternata;63,66197724
3;Norte;Banara tomentosa;5,092958179
3;Norte;Myrcia hatschbachii;9,071831756
3;Norte;Cupania vernalis;9,772113506
3;Norte;Eugenia pluriflora;29,88929831
3;Norte;Solanum sanctaecatharinae;12,41408556
3;Norte;Jacaranda puberula;12,50957853
4;Norte;Araucaria angustifolia;11,77746579
4;Norte;Casearia obliqua;22,28169203
4;Norte;Eugenia pluriflora;5,156620156
4;Norte;Cupania vernalis;14,64225476
4;Norte;Myrsine umbellata;5,98422586
4;Norte;Jacaranda puberula;12,63690248
4;Norte;Prunus myrtifolia;15,27887454
4;Norte;Solanum sanctaecatharinae;18,14366351
4;Norte;Podocarpus lambertii;5,092958179
4;Norte;Jacaranda puberula;11,30000096
4;Norte;Podocarpus lambertii;5,188451145
4;Norte;Jacaranda puberula;13,75098708
4;Norte;Coutarea hexandra;14,32394488
4;Norte;Casearia obliqua;29,76197436
4;Norte;Jacaranda puberula;11,14084602
4;Norte;Jacaranda puberula;17,12507188
4;Norte;Blepharocalyx salicifolius;5,092958179
4;Norte;Jacaranda puberula;9,867606472
4;Norte;Jacaranda puberula;14,64225476
4;Norte;Calyptranthes concinna;8,292812562
4;Norte;Casearia obliqua;6,843662553
4;Norte;Jacaranda puberula;8,435211984
4;Norte;Jacaranda puberula;15,59718442
4;Norte;Jacaranda puberula;15,75633937
4;Norte;Jacaranda puberula;5,729577951
4;Norte;Casearia obliqua;20,21267777
4;Norte;Jacaranda puberula;6,175211792
4;Norte;Jacaranda puberula;10,9180291
4;Norte;Casearia obliqua;5,029296202
4;Norte;Casearia obliqua;10,6315502
4;Norte;Jacaranda puberula;7,416620348
4;Norte;Jacaranda puberula;5,411268065
4;Norte;Jacaranda puberula;6,016056849
4;Norte;Araucaria angustifolia;19,22591713
4;Norte;Casearia obliqua;15,85183233
4;Norte;Banara tomentosa;9,62880829
4;Norte;Myrcia laruotteana;9,612958563
4;Norte;Drimys brasiliensis;5,443099054
4;Norte;Casearia obliqua;7,448451337
4;Norte;Jacaranda puberula;5,474930042
4;Norte;Jacaranda puberula;17,60253671
4;Norte;Myrsine umbellata;24,6053542
4;Norte;Cupania vernalis;21,13577644
4;Norte;Casearia decandra;5,029296202
4;Norte;Jacaranda puberula;6,68450761
4;Norte;Calyptranthes concinna;11,30000096
4;Norte;Casearia obliqua;7,957747155
4;Norte;Casearia obliqua;9,262817688
4;Norte;Araucaria angustifolia;5,53859202
4;Norte;Eugenia pluriflora;9,931268449
4;Norte;Jacaranda puberula;7,894085177
4;Norte;Jacaranda puberula;12,39256058
4;Norte;Araucaria angustifolia;5,156620156
5;Norte;Casearia decandra;9,969250174
5;Norte;Myrcia hatschbachii;6,602456062
5;Norte;Casearia obliqua;20,30293142
5;Norte;Casearia decandra;11,14084602
5;Norte;Jacaranda puberula;9,740282517
5;Norte;Casearia decandra;5,220282133
5;Norte;Matayba elaeagnoides;43,09915859
5;Norte;Jacaranda puberula;8,75352187
5;Norte;Jacaranda puberula;15,59718442
5;Norte;Casearia decandra;9,135493733
5;Norte;Matayba elaeagnoides;33,67718596
5;Norte;Lamanonia ternata;9,708451529
5;Norte;Cupania vernalis;5,443099054
5;Norte;Myrcianthes gigantea;5,06112719
5;Norte;Myrcia hatschbachii;10,28140932
5;Norte;Matayba elaeagnoides;34,05915782
5;Norte;Casearia decandra;5,411268065
5;Norte;Jacaranda puberula;16,2338042
5;Norte;Jacaranda puberula;7,970215135
5;Norte;Jacaranda puberula;5,411268065
5;Norte;Jacaranda puberula;11,65014183
5;Norte;Solanum sanctaecatharinae;35,30056638
5;Norte;Jacaranda puberula;12,70056446
5;Norte;Araucaria angustifolia;35,01408748
5;Norte;Annona rugulosa;5,347606088
5;Norte;Banara tomentosa;8,276057041
5;Norte;Lithraea brasiliensis;22,15436808
5;Norte;Araucaria angustifolia;5,602253997
5;Norte;Jacaranda puberula;13,36901522
5;Norte;Matayba elaeagnoides;21,8042272
5;Norte;Araucaria angustifolia;21,64507226
5;Norte;Araucaria angustifolia;7,766761223
5;Norte;Araucaria angustifolia;12,06394469
5;Norte;Eugenia pluriflora;6,047887837
5;Norte;Araucaria angustifolia;33,26338311
5;Norte;Casearia decandra;10,60358984
5;Norte;Casearia decandra;11,97492622
5;Norte;Myrsine umbellata;16,67943804
5;Norte;Banara tomentosa;5,697746963
5;Norte;Zanthoxylum rhoifolium;16,2338042
5;Norte;Jacaranda puberula;5,697746963
5;Norte;Jacaranda puberula;16,2338042
5;Norte;Ocotea pulchella;7,575775291
5;Norte;Jacaranda puberula;7,894085177
5;Norte;Jacaranda puberula;10,21774735
5;Norte;Jacaranda puberula;16,07464925
5;Norte;Jacaranda puberula;12,70056446
5;Norte;Jacaranda puberula;11,80929678
5;Norte;Jacaranda puberula;14,64225476
5;Norte;Jacaranda puberula;7,416620348
5;Norte;Jacaranda puberula;8,951528254
5;Norte;Casearia decandra;7,289296394
5;Norte;Jacaranda puberula;5,411268065
6;Norte;Campomanesia xanthocarpa;18,1754945
6;Norte;Casearia decandra;9,167324722
6;Norte;Banara tomentosa;5,124789168
6;Norte;Podocarpus lambertii;11,48203369
6;Norte;Casearia decandra;5,411268065
6;Norte;Blepharocalyx salicifolius;11,14084602
6;Norte;Araucaria angustifolia;50,99324377
6;Norte;Casearia decandra;6,46169069
6;Norte;Blepharocalyx salicifolius;10,43886583
6;Norte;Myrcia hatschbachii;22,86876548
6;Norte;Lithraea brasiliensis;45,10451087
6;Norte;Drimys brasiliensis;6,68450761
6;Norte;Drimys brasiliensis;8,05324012
6;Norte;Casearia obliqua;8,958769402
6;Norte;Casearia decandra;5,729577951
6;Norte;Drimys brasiliensis;5
6;Norte;Casearia decandra;20,99151736
6;Norte;Dasyphyllum tomentosum;46,31408844
6;Norte;Calyptranthes concinna;9,485634608
6;Norte;Calyptranthes concinna;22,24626326
6;Norte;Campomanesia xanthocarpa;21,9293566
6;Norte;Eugenia pluriflora;6,270704758
7;Norte;Lithraea brasiliensis;27,02450934
7;Norte;Solanum sanctaecatharinae;22,60000192
7;Norte;Ocotea pulchella;24,95549508
7;Norte;Eugenia pluriflora;5,570423008
7;Norte;Araucaria angustifolia;21,86788918
7;Norte;Casearia decandra;5,506761031
7;Norte;Jacaranda puberula;9,740282517
7;Norte;Araucaria angustifolia;6,207042781
7;Norte;Casearia obliqua;6,594855425
7;Norte;Casearia obliqua;6,238873769
7;Norte;Araucaria angustifolia;6,079718826
7;Norte;Drimys brasiliensis;5,606683264
7;Norte;Xylosma ciliatifolia;13,4326772
7;Norte;Araucaria angustifolia;19,03493119
7;Norte;Casearia decandra;13,65549412
7;Norte;Casearia decandra;5,283944111
7;Norte;Dasyphyllum tomentosum;29,79380535
7;Norte;Drimys brasiliensis;9,867606472
7;Norte;Araucaria angustifolia;7,543944303
7;Norte;Dasyphyllum spinescens;13,78281807
7;Norte;Jacaranda puberula;6,90732453
7;Norte;Dasyphyllum spinescens;12,95521237
7;Norte;Jacaranda puberula;10,0585924
7;Norte;Clethra scabra;6,939155519
7;Norte;Araucaria angustifolia;7,416620348
7;Norte;Araucaria angustifolia;43,3538065
7;Norte;Myrsine sp.;9,103662745
7;Norte;Casearia decandra;7,760105172
7;Norte;Eugenia pluriflora;11,26816997
7;Norte;Banara tomentosa;5,06112719
7;Norte;Dasyphyllum tomentosum;38,83380611
7;Norte;Cinnamomum amoenum;10,76936949
7;Norte;Dasyphyllum tomentosum;15,97915629
7;Norte;Araucaria angustifolia;15,69267739
7;Norte;Araucaria angustifolia;24,09605838
7;Norte;Machaerium paraguariense;23,87324146
7;Norte;Solanum sanctaecatharinae;7,193803428
7;Norte;Myrcia palustris;5,220282133
7;Norte;Casearia decandra;6,875493542
7;Norte;Araucaria angustifolia;5,920563883
8;Norte;Lithraea brasiliensis;23,30028367
8;Norte;Casearia decandra;7,257465405
8;Norte;Prunus myrtifolia;35,87352417
8;Norte;Lithraea brasiliensis;6,238873769
8;Norte;Myrsine umbellata;13,62366313
8;Norte;Myrsine umbellata;21,00845249
8;Norte;Eugenia pluriflora;15,15683254
8;Norte;Cedrela fissilis;15,82000134
8;Norte;Xylosma ciliatifolia;17,0614099
8;Norte;Cedrela fissilis;6,047887837
8;Norte;Annona rugulosa;5,53859202
8;Norte;Annona rugulosa;11,23633898
8;Norte;Zanthoxylum kleinii;15,82637266
8;Norte;Araucaria angustifolia;11,65014183
8;Norte;Duranta vestita;13,04938545
8;Norte;Zanthoxylum kleinii;10,15408537
8;Norte;Jacaranda puberula;5,283944111
8;Norte;Solanum pabstii;5,092958179
8;Norte;Casearia obliqua;11,61831085
8;Norte;Araucaria angustifolia;8,307888029
8;Norte;Araucaria angustifolia;35,65070725
8;Norte;Myrsine umbellata;10,90168376
8;Norte;Casearia decandra;6,079718826
8;Norte;Zanthoxylum kleinii;6,68450761
8;Norte;Podocarpus lambertii;5,124789168
8;Norte;Solanum sanctaecatharinae;6,302535746
8;Norte;Calyptranthes concinna;5,624365453
8;Norte;Cedrela fissilis;9,867606472
8;Norte;Araucaria angustifolia;42,55803178
8;Norte;Casearia decandra;5,888732894
8;Norte;Drimys brasiliensis;9,252694058
8;Norte;Cedrela fissilis;9,89943746
8;Norte;Araucaria angustifolia;30,74873501
8;Norte;Myrsine umbellata;18,68479032
8;Norte;Drimys brasiliensis;8,449613722
8;Norte;Araucaria angustifolia;12,15943765
8;Norte;Cinnamomum amoenum;34,63211562
8;Norte;Cedrela fissilis;12,00028271
8;Norte;Araucaria angustifolia;28,96619964
9;Norte;Annona rugulosa;5,697746963
9;Norte;Annona rugulosa;5,188451145
9;Norte;Casearia decandra;5,029296202
9;Norte;Zanthoxylum kleinii;13,49633917
9;Norte;Annona rugulosa;5,315775099
9;Norte;Jacaranda puberula;8,085071109
9;Norte;Banara tomentosa;11,14084602
9;Norte;Jacaranda puberula;8,403380995
9;Norte;Lamanonia ternata;7,321127382
9;Norte;Araucaria angustifolia;31,3216928
9;Norte;Casearia decandra;5,411268065
9;Norte;Casearia obliqua;8,180564075
9;Norte;Cedrela fissilis;15,88366332
9;Norte;Ocotea pulchella;5,124789168
9;Norte;Jacaranda puberula;10,3450713
9;Norte;Dasyphyllum tomentosum;14,48309982
9;Norte;Casearia decandra;6,047887837
9;Norte;Myrsine umbellata;8,37173155
9;Norte;Cedrela fissilis;20,1490158
9;Norte;Casearia decandra;6,810715901
9;Norte;Casearia decandra;5,474930042
9;Norte;Annona rugulosa;8,498873961
9;Norte;Scutia buxifolia;6,46169069
9;Norte;Myrsine coriacea;11,58647986
9;Norte;Jacaranda puberula;8,021409132
9;Norte;Araucaria angustifolia;7,703099246
9;Norte;Duranta vestita;6,175211792
9;Norte;Myrsine umbellata;5,856901906
9;Norte;Araucaria angustifolia;5,092958179
9;Norte;Jacaranda puberula;9,199155711
9;Norte;Casearia obliqua;9,644789551
9;Norte;Casearia decandra;6,652676621
10;Norte;Lithraea brasiliensis;23,45943861
10;Norte;Casearia decandra;8,021409132
10;Norte;Prunus myrtifolia;24,22338234
10;Norte;Podocarpus lambertii;5,092958179
10;Norte;Allophylus guaraniticus;16,45662112
10;Norte;Eugenia pluriflora;8,97633879
10;Norte;Araucaria angustifolia;38,13352436
10;Norte;Casearia decandra;5,920563883
10;Norte;Casearia decandra;6,589014644
10;Norte;Ocotea pulchella;38,89746809
10;Norte;Vernonanthura discolor;27,53380515
10;Norte;Casearia decandra;7,575775291
10;Norte;Duranta vestita;7,352958371
10;Norte;Duranta vestita;7,377376702
10;Norte;Symplocos uniflora;15,56535343
10;Norte;Calyptranthes concinna;5,856901906
10;Norte;Duranta vestita;5,252113122
10;Norte;Duranta vestita;7,161972439
10;Norte;Duranta vestita;6,589014644
10;Norte;Duranta vestita;5,220282133
10;Norte;Celtis iguanaea;9,549296586
10;Norte;Celtis iguanaea;7,512113314
10;Norte;Myrsine umbellata;15,3743675
10;Norte;Rhamnus sphaerosperma;5,315775099
10;Norte;Myrceugenia oxysepala;5,888732894
10;Norte;Podocarpus lambertii;18,01633956
10;Norte;Jacaranda puberula;12,41408556
10;Norte;Myrsine umbellata;7,575775291
10;Norte;Calyptranthes concinna;6,525352667
10;Norte;Calyptranthes concinna;5,599540471
10;Norte;Calyptranthes concinna;11,87504935
10;Norte;Casearia decandra;17,41155077
10;Norte;Dasyphyllum spinescens;25,40112892
10;Norte;Myrcia guianensis;11,87295875
10;Norte;Coutarea hexandra;5
10;Norte;Sapium glandulosum;10,82253613
10;Norte;Drimys brasiliensis;5,315775099
11;Norte;Araucaria angustifolia;11,04535305
11;Norte;Banara tomentosa;8,371550007
11;Norte;Lithraea brasiliensis;13,8072394
11;Norte;Ocotea pulchella;22,91831181
11;Norte;Casearia decandra;11,33183195
11;Norte;Myrsine coriacea;17,12507188
11;Norte;Casearia decandra;10,9180291
11;Norte;Lithraea brasiliensis;5,729577951
11;Norte;Ilex theezans;12,79605742
11;Norte;Ilex theezans;6,525352667
11;Norte;Calyptranthes concinna;6,079718826
11;Norte;Dasyphyllum tomentosum;16,4884521
11;Norte;Lithraea brasiliensis;8,05324012
11;Norte;Araucaria angustifolia;32,84958025
11;Norte;Ilex theezans;6,334366735
11;Norte;Lithraea brasiliensis;24,17785177
11;Norte;Myrcia laruotteana;5,092958179
11;Norte;Myrcia palustris;6,46169069
11;Norte;Calyptranthes concinna;9,356469905
11;Norte;Gochnatia polymorpha;24,15972036
11;Norte;Ilex theezans;6,175211792
11;Norte;Araucaria angustifolia;47,68282095
11;Norte;Araucaria angustifolia;13,71915609
11;Norte;Myrciaria ;6,102507767
11;Norte;Dasyphyllum tomentosum;11,7456348
11;Norte;Araucaria angustifolia;25,14648101
11;Norte;Sapium glandulosum;17,02957891
11;Norte;Lithraea brasiliensis;21,16552515
11;Norte;Casearia decandra;10,02676141
11;Norte;Matayba elaeagnoides;6,429859701
11;Norte;Sapium glandulosum;6,111549815
11;Norte;Lithraea brasiliensis;23,90507245
11;Norte;Lithraea brasiliensis;26,92990055
11;Norte;Casearia decandra;8,689859893
11;Norte;Calyptranthes concinna;7,604209328
11;Norte;Myrcia palustris;6,811831564
11;Norte;Xylosma ciliatifolia;5,602253997
11;Norte;Araucaria angustifolia;4,074366543
11;Norte;Myrsine coriacea;6,047887837
11;Norte;Drimys brasiliensis;13,12340358
11;Norte;Zanthoxylum rhoifolium;8,498873961
12;Norte;Podocarpus lambertii;6,652676621
12;Norte;Podocarpus lambertii;6,334366735
12;Norte;Podocarpus lambertii;8,085071109
12;Norte;Myrcia laruotteana;8,467042972
12;Norte;Myrsine umbellata;8,307888029
12;Norte;Ocotea pulchella;19,73521294
12;Norte;Araucaria angustifolia;30,87605896
12;Norte;Ilex dumosa;6,207042781
12;Norte;Casearia decandra;16,37626254
12;Norte;Myrsine umbellata;11,61831085
12;Norte;Araucaria angustifolia;9,103662745
12;Norte;Myrsine umbellata;9,963099438
12;Norte;Casearia decandra;11,23633898
12;Norte;Lithraea brasiliensis;19,63971998
12;Norte;Podocarpus lambertii;23,87324146
12;Norte;Drimys brasiliensis;8,371550007
12;Norte;Lithraea brasiliensis;14,00563499
12;Norte;Myrsine coriacea;14,19662092
12;Norte;Piptocarpha angustifolia;16,87042397
12;Norte;Myrsine umbellata;17,99608231
12;Norte;Lithraea brasiliensis;24,92366409
12;Norte;Lithraea brasiliensis;22,18619907
12;Norte;Dasyphyllum tomentosum;38,06986239
12;Norte;Prunus myrtifolia;15,46986047
12;Norte;Myrsine umbellata;8,785352859
12;Norte;Myrsine umbellata;11,56512292
12;Norte;Casearia decandra;8,116902098
12;Norte;Lithraea brasiliensis;23,90507245
12;Norte;Duranta vestita;5,952394872
12;Norte;Lithraea brasiliensis;14,29211389
12;Norte;Ilex dumosa;10,24957834
12;Norte;Casearia decandra;8,276057041
12;Norte;Podocarpus lambertii;8,817183847
12;Norte;Araucaria angustifolia;7,639437268
12;Norte;Podocarpus lambertii;8,944507802
12;Norte;Myrsine umbellata;9,740282517
12;Norte;Araucaria angustifolia;39,88422874
12;Norte;Zanthoxylum kleinii;8,75352187
12;Norte;Myrsine umbellata;8,212395064
12;Norte;Araucaria angustifolia;38,83380611
12;Norte;Myrsine umbellata;12,60507149
12;Norte;Clethra scabra;13,36901522
12;Norte;Myrsine umbellata;13,27352225
13;Norte;Myrcia palustris;8,381831275
13;Norte;Calyptranthes concinna;18,510972
13;Norte;Myrcia palustris;10,02256693
13;Norte;Myrceugenia myrcioides;8,423853286
13;Norte;Ilex theezans;25,24197397
13;Norte;Ocotea pulchella;27,50197417
13;Norte;Myrsine coriacea;12,63690248
13;Norte;Eugenia pluriflora;6,939155519
13;Norte;Myrcia guianensis;12,22309963
13;Norte;Ilex theezans;16,93408594
13;Norte;Lithraea brasiliensis;9,994930426
13;Norte;Calyptranthes concinna;5,092958179
13;Norte;Drimys brasiliensis;5,476410353
13;Norte;Vernonanthura discolor;12,98704336
13;Norte;Zanthoxylum kleinii;20,81746656
13;Norte;Eugenia pluriflora;9,135493733
13;Norte;Calyptranthes concinna;7,463195983
13;Norte;Zanthoxylum kleinii;23,68225553
13;Norte;Araucaria angustifolia;23,7777485
13;Norte;Calyptranthes concinna;6,215199214
13;Norte;Calyptranthes concinna;6,219191961
13;Norte;Myrcia guianensis;7,04644918
13;Norte;Calyptranthes concinna;11,74947287
13;Norte;Calyptranthes concinna;11,90449186
13;Norte;Zanthoxylum kleinii;10,37690229
13;Norte;Araucaria angustifolia;45,00901791
13;Norte;Lithraea brasiliensis;12,15943765
13;Norte;Lithraea brasiliensis;9,45380362
13;Norte;Ilex theezans;11,26816997
13;Norte;Calyptranthes concinna;5,656340704
13;Norte;Vernonanthura discolor;11,68197282
13;Norte;Eugenia pluriflora;11,65014183
13;Norte;Duranta vestita;8,338564761
13;Norte;Myrsine umbellata;12,36682043
13;Norte;Podocarpus lambertii;8,276057041
13;Norte;Podocarpus lambertii;5,411268065
13;Norte;Podocarpus lambertii;7,60760628
13;Norte;Zanthoxylum kleinii;13,81464906
13;Norte;Myrcia guianensis;9,708451529
13;Norte;Lithraea brasiliensis;15,59718442
13;Norte;Myrcia palustris;13,24169127
13;Norte;Myrsine umbellata;5,092958179
13;Norte;NI ;16,96033215
13;Norte;Calyptranthes concinna;15,48975841
13;Norte;Araucaria angustifolia;7,448451337
14;Norte;Lithraea brasiliensis;18,34655457
14;Norte;Gochnatia polymorpha;19,35324108
14;Norte;Roupala montana;7,130141451
14;Norte;Jacaranda puberula;5,53859202
14;Norte;Lithraea brasiliensis;13,48270652
14;Norte;Myrsine umbellata;7,002817496
14;Norte;Ilex theezans;11,56025958
14;Norte;Podocarpus lambertii;6,175211792
14;Norte;Myrceugenia euosma;6,366197724
14;Norte;Podocarpus lambertii;8,180564075
14;Norte;Myrcia guianensis;7,254393344
14;Norte;Sebastiania commersoniana;11,01352206
14;Norte;Myrsine umbellata;14,8332407
14;Norte;Podocarpus lambertii;14,76957872
14;Norte;Drimys brasiliensis;8,53070495
14;Norte;Eugenia pluriflora;7,002817496
14;Norte;Casearia decandra;5,793239929
14;Norte;Dasyphyllum tomentosum;14,8332407
14;Norte;Lithraea brasiliensis;9,803944494
14;Norte;Lithraea brasiliensis;12,70056446
14;Norte;Lithraea brasiliensis;42,22214763
14;Norte;Podocarpus lambertii;30,4940871
14;Norte;Myrcia laruotteana;15,88905262
14;Norte;Zanthoxylum kleinii;21,32676237
14;Norte;Cupania vernalis;7,352958371
14;Norte;Araucaria angustifolia;12,3185926
14;Norte;Lithraea brasiliensis;16,42479013
14;Norte;Zanthoxylum kleinii;22,35371828
14;Norte;Ilex theezans;27,56444154
14;Norte;Casearia decandra;5,570423008
14;Norte;Lithraea brasiliensis;21,20550742
14;Norte;Casearia decandra;5,856901906
14;Norte;Jacaranda puberula;22,13396124
14;Norte;Myrsine umbellata;12,25493062
14;Norte;Blepharocalyx salicifolius;7,51332711
14;Norte;Jacaranda puberula;6,875493542
14;Norte;Xylosma ciliatifolia;6,111549815
14;Norte;Zanthoxylum kleinii;14,36858019
14;Norte;Matayba elaeagnoides;30,40314346
14;Norte;Symplocos uniflora;7,130141451
15;Norte;Schinus terebinthifolius;9,835775483
15;Norte;Lithraea brasiliensis;9,103662745
15;Norte;Blepharocalyx salicifolius;15,21521256
15;Norte;Lithraea brasiliensis;22,65939403
15;Norte;Calyptranthes concinna;5,188451145
15;Norte;Podocarpus lambertii;9,612958563
15;Norte;Sapium glandulosum;24,50986124
15;Norte;Banara tomentosa;8,53070495
15;Norte;Zanthoxylum kleinii;8,269259557
15;Norte;Myrcia guianensis;7,487051813
15;Norte;Lithraea brasiliensis;7,639437268
15;Norte;Myrcia guianensis;20,6455802
15;Norte;Matayba elaeagnoides;14,92873366
15;Norte;Casearia decandra;7,352958371
15;Norte;Casearia decandra;5,252113122
15;Norte;Matayba elaeagnoides;16,4884521
15;Norte;Zanthoxylum kleinii;16,07619345
15;Norte;Matayba elaeagnoides;13,20986028
15;Norte;Sapium glandulosum;17,98450857
15;Norte;Erythroxylum deciduum;8,276057041
15;Norte;Myrsine umbellata;6,90732453
15;Norte;Symplocos uniflora;10,66338119
15;Norte;Banara tomentosa;6,047887837
15;Norte;Casearia decandra;15,83088546
15;Norte;Casearia decandra;6,079718826
15;Norte;Zanthoxylum kleinii;9,390141642
15;Norte;Eugenia pluriflora;12,60507149
15;Norte;Allophylus guaraniticus;5,156620156
15;Norte;Drimys brasiliensis;5,729577951
15;Norte;Cupania vernalis;5,952394872
15;Norte;Allophylus guaraniticus;5,411268065
15;Norte;Symplocos uniflora;14,06929697
15;Norte;Myrsine umbellata;8,05324012
15;Norte;Myrcia guianensis;12,51573262
15;Norte;Zanthoxylum kleinii;7,639437268
15;Norte;Podocarpus lambertii;25,14648101
15;Norte;Myrcia laruotteana;8,590888393
15;Norte;Oreopanax fulvus;8,498873961
15;Norte;Matayba elaeagnoides;10,09042339
15;Norte;Zanthoxylum kleinii;22,7312264
15;Norte;Roupala montana;13,17887501
15;Norte;Matayba elaeagnoides;14,64225476
15;Norte;Podocarpus lambertii;11,01605169
15;Norte;Sapium glandulosum;7,925916166
15;Norte;Araucaria angustifolia;17,18873385
15;Norte;Araucaria angustifolia;26,51521352
15;Norte;Allophylus guaraniticus;6,366197724
15;Norte;Allophylus guaraniticus;10,49911275
15;Norte;Gochnatia polymorpha;7,543944303
15;Norte;Xylosma ciliatifolia;10,08138215
15;Norte;Erythroxylum deciduum;10,94986008
15;Norte;Podocarpus lambertii;5,729577951
15;Norte;Gochnatia polymorpha;17,3478888
15;Norte;Xylosma ciliatifolia;12,47774754
16;Norte;Araucaria angustifolia;5,729577951
16;Norte;Zanthoxylum kleinii;11,52281788
16;Norte;Lithraea brasiliensis;5,411268065
16;Norte;Lithraea brasiliensis;16,4884521
16;Norte;Lithraea brasiliensis;9,326479665
16;Norte;Araucaria angustifolia;6,970986507
16;Norte;Xylosma ciliatifolia;5,379437077
16;Norte;Zanthoxylum kleinii;12,01863271
16;Norte;Araucaria angustifolia;9,867606472
16;Norte;Duranta vestita;5,313582693
16;Norte;Casearia decandra;7,689341761
16;Norte;Roupala montana;6,46169069
16;Norte;Casearia decandra;5,952394872
16;Norte;Gochnatia polymorpha;16,39295914
16;Norte;Podocarpus lambertii;22,05887511
16;Norte;Myrsine umbellata;5,53859202
16;Norte;Jacaranda puberula;6,143380803
16;Norte;Araucaria angustifolia;16,93408594
16;Norte;Duranta vestita;5,411268065
16;Norte;Araucaria angustifolia;24,82817112
16;Norte;Myrcia guianensis;5,570423008
16;Norte;Podocarpus lambertii;16,2338042
16;Norte;Araucaria angustifolia;8,53070495
16;Norte;Jacaranda puberula;13,05070533
16;Norte;Araucaria angustifolia;5,029296202
16;Norte;Dasyphyllum spinescens;26,35605858
16;Norte;Jacaranda puberula;10,88619811
16;Norte;Jacaranda puberula;17,60253671
16;Norte;Myrsine umbellata;7,002817496
16;Norte;Gochnatia polymorpha;15,08788861
16;Norte;Casearia decandra;7,60760628
16;Norte;Myrcia guianensis;5,53859202
16;Norte;Jacaranda puberula;7,512113314
16;Norte;Jacaranda puberula;8,75352187
16;Norte;Banara tomentosa;5,124789168
16;Norte;Myrsine umbellata;6,716338598
16;Norte;Araucaria angustifolia;6,68450761
16;Norte;Jacaranda puberula;7,957747155
16;Norte;Jacaranda puberula;5,260883436
16;Norte;Prunus myrtifolia;12,83878373
16;Norte;Matayba elaeagnoides;25,43295991
16;Norte;Xylosma tweediana;6,90732453
16;Norte;Araucaria angustifolia;6,843662553
16;Norte;Jacaranda puberula;7,957747155
16;Norte;Dasyphyllum tomentosum;14,13295895
16;Norte;Jacaranda puberula;8,085071109
16;Norte;Symplocos uniflora;18,44275504
16;Norte;Xylosma ciliatifolia;13,71915609
16;Norte;Allophylus guaraniticus;11,4591559
16;Norte;Duranta vestita;8,795092817
16;Norte;Jacaranda puberula;5
16;Norte;Casearia decandra;6,759720956
16;Norte;Casearia decandra;6,366197724
16;Norte;Myrsine umbellata;8,05324012
16;Norte;Xylosma ciliatifolia;6,68450761
16;Norte;Casearia decandra;7,260605941
16;Norte;Roupala montana;10,72704316
16;Norte;Lithraea brasiliensis;9,612958563
16;Norte;Allophylus guaraniticus;5,920563883
16;Norte;Jacaranda puberula;10,82253613
16;Norte;Jacaranda puberula;12,65456956
16;Norte;Casearia decandra;20,05352283
16;Norte;Casearia decandra;6,047887837
17;Norte;Araucaria angustifolia;26,2923966
17;Norte;Matayba elaeagnoides;27,53380515
17;Norte;Ocotea pulchella;16,20197321
17;Norte;Jacaranda puberula;6,780000576
17;Norte;Jacaranda puberula;10,15408537
17;Norte;Lithraea brasiliensis;39,91651663
17;Norte;Jacaranda puberula;9,708451529
17;Norte;Jacaranda puberula;15,18338157
17;Norte;Myrsine umbellata;9,581127574
17;Norte;Araucaria angustifolia;6,238873769
17;Norte;Prunus myrtifolia;5,315775099
17;Norte;Jacaranda puberula;15,56535343
17;Norte;Jacaranda puberula;10,8966638
17;Norte;Jacaranda puberula;14,06929697
17;Norte;Myrsine coriacea;21,35256787
17;Norte;Jacaranda puberula;12,79605742
17;Norte;Zanthoxylum kleinii;7,543944303
17;Norte;Jacaranda puberula;8,212395064
17;Norte;Araucaria angustifolia;8,339719018
17;Norte;Jacaranda puberula;6,398028712
17;Norte;Myrsine umbellata;8,244226052
17;Norte;Duranta vestita;5,793239929
17;Norte;Myrsine umbellata;8,97633879
17;Norte;Zanthoxylum kleinii;26,66430068
17;Norte;Zanthoxylum kleinii;17,79352264
17;Norte;Araucaria angustifolia;6,90732453
17;Norte;Matayba elaeagnoides;6,238873769
17;Norte;Jacaranda puberula;10,91204174
17;Norte;Jacaranda puberula;5,952394872
17;Norte;Jacaranda puberula;17,22056484
17;Norte;Jacaranda puberula;11,84112777
17;Norte;Myrsine umbellata;19,64064857
17;Norte;Ocotea pulchella;11,10901503
17;Norte;Lithraea brasiliensis;9,612958563
17;Norte;Zanthoxylum kleinii;6,843662553
17;Norte;Jacaranda puberula;6,748169587
17;Norte;Casearia obliqua;16,20197321
17;Norte;Myrsine umbellata;5,252113122
17;Norte;Jacaranda puberula;6,429859701
17;Norte;Jacaranda puberula;5,856901906
17;Norte;Jacaranda puberula;6,970986507
17;Norte;Zanthoxylum kleinii;12,76422644
17;Norte;Jacaranda puberula;6,875493542
17;Norte;Jacaranda puberula;5,920563883
17;Norte;Jacaranda puberula;6,175211792
17;Norte;Lithraea brasiliensis;21,95611518
17;Norte;Jacaranda puberula;12,82788841
17;Norte;Calyptranthes concinna;7,82259093
17;Norte;Zanthoxylum kleinii;10,3450713
17;Norte;Podocarpus lambertii;19,38507207
17;Norte;Jacaranda puberula;11,07718404
17;Norte;Jacaranda puberula;13,59183214
17;Norte;Jacaranda puberula;5,793239929
17;Norte;Casearia decandra;6,366197724
17;Norte;Jacaranda puberula;7,161972439
17;Norte;Cinnamomum amoenum;35,49155231
17;Norte;Solanum sanctaecatharinae;6,843662553
17;Norte;Jacaranda puberula;6,079718826
17;Norte;Myrcia guianensis;17,18339839
17;Norte;Jacaranda puberula;5,665915974
17;Norte;Jacaranda puberula;5,920563883
17;Norte;Jacaranda puberula;10,69521218
17;Norte;Podocarpus lambertii;28,20225592
17;Norte;Eugenia pluriflora;6,557183655
17;Norte;Casearia decandra;5,156620156
17;Norte;Calyptranthes concinna;6,46169069
17;Norte;Calyptranthes concinna;6,548215399
17;Norte;Jacaranda puberula;5,76140894
17;Norte;Calyptranthes concinna;9,690954809
17;Norte;Jacaranda puberula;5,315775099
17;Norte;Jacaranda puberula;5,347606088
17;Norte;Casearia decandra;13,87831104
17;Norte;Lithraea brasiliensis;25,27380496
17;Norte;Solanum sanctaecatharinae;15,34253651
17;Norte;Jacaranda puberula;6,780000576
17;Norte;Ocotea pulchella;31,13070687
17;Norte;Jacaranda puberula;6,493521678
17;Norte;Jacaranda puberula;8,378083098
17;Norte;Jacaranda puberula;10,02676141
17;Norte;Jacaranda puberula;6,46169069
17;Norte;Annona rugulosa;7,575775291
17;Norte;Casearia decandra;5,220282133
17;Norte;Jacaranda puberula;11,39549393
17;Norte;Dasyphyllum tomentosum;32,18112949
18;Sul;Vernonanthura discolor;28,2340869
18;Sul;Duranta vestita;11,26816997
18;Sul;Duranta vestita;6,507393909
18;Sul;Araucaria angustifolia;5,092958179
18;Sul;Sapium glandulosum;21,40560027
18;Sul;Casearia decandra;6,398028712
18;Sul;Araucaria angustifolia;12,28676161
18;Sul;Duranta vestita;11,83654904
18;Sul;Sapium glandulosum;9,230986699
18;Sul;Sapium glandulosum;22,75915686
18;Sul;Vernonanthura discolor;24,28704432
18;Sul;Zanthoxylum rhoifolium;10,3450713
18;Sul;Araucaria angustifolia;19,67155097
18;Sul;Araucaria angustifolia;9,103662745
18;Sul;Araucaria angustifolia;32,4357774
18;Sul;Casearia decandra;7,970215135
18;Sul;Zanthoxylum rhoifolium;5,952394872
18;Sul;Araucaria angustifolia;19,95802986
18;Sul;Casearia decandra;6,436238492
18;Sul;Annona rugulosa;7,734930234
18;Sul;Araucaria angustifolia;29,85746732
18;Sul;Araucaria angustifolia;10,72704316
18;Sul;Sapium glandulosum;8,371550007
18;Sul;Zanthoxylum rhoifolium;8,97633879
18;Sul;Podocarpus lambertii;11,69774757
18;Sul;Sapium glandulosum;12,28676161
18;Sul;Lithraea brasiliensis;50,92958179
18;Sul;Podocarpus lambertii;27,88394603
18;Sul;Araucaria angustifolia;24,76450915
18;Sul;Cupania vernalis;6,270704758
18;Sul;Duranta vestita;6,207042781
18;Sul;Araucaria angustifolia;14,51493081
18;Sul;Araucaria angustifolia;12,52095314
18;Sul;Araucaria angustifolia;46,95070821
18;Sul;Araucaria angustifolia;23,93690344
18;Sul;Ilex dumosa;11,30000096
19;Sul;Casearia decandra;5,283944111
19;Sul;Banara tomentosa;5,220282133
19;Sul;Casearia decandra;5,729577951
19;Sul;Sapium glandulosum;5,634084985
19;Sul;Oreopanax fulvus;8,75352187
19;Sul;Vernonanthura discolor;12,95521237
19;Sul;Zanthoxylum rhoifolium;9,040000768
19;Sul;Sapium glandulosum;6,366197724
19;Sul;Zanthoxylum rhoifolium;12,66873347
19;Sul;Casearia decandra;5,665915974
19;Sul;Ilex paraguariensis;6,970986507
19;Sul;Allophylus guaraniticus;8,478881568
19;Sul;Casearia decandra;6,654503987
19;Sul;Quillaja brasiliensis;7,798592212
19;Sul;Cupania vernalis;5,602253997
19;Sul;Sapium glandulosum;6,079718826
19;Sul;Sapium glandulosum;8,180564075
19;Sul;Allophylus guaraniticus;6,780000576
19;Sul;Araucaria angustifolia;44,84986296
19;Sul;Myrsine umbellata;5,474930042
19;Sul;Casearia obliqua;33,35887607
19;Sul;Vernonanthura discolor;14,80140971
19;Sul;Duranta vestita;6,493521678
19;Sul;Podocarpus lambertii;22,18619907
19;Sul;Lamanonia ternata;12,63690248
19;Sul;Sapium glandulosum;5,506761031
19;Sul;Zanthoxylum rhoifolium;10,28140932
19;Sul;Annona rugulosa;10,92470878
19;Sul;Vernonanthura discolor;33,58380493
19;Sul;Myrsine umbellata;5,252113122
19;Sul;Vernonanthura discolor;22,34535401
19;Sul;Dicksonia sellowiana;20,49915667
19;Sul;Allophylus guaraniticus;5,254524007
19;Sul;Cedrela fissilis;19,79887492
19;Sul;Oreopanax fulvus;9,390141642
19;Sul;Oreopanax fulvus;5,092958179
20;Sul;Sapium glandulosum;6,620845633
20;Sul;Vernonanthura discolor;22,02704412
20;Sul;Dicksonia sellowiana;19,32141009
20;Sul;Lamanonia ternata;8,594366927
20;Sul;Dicksonia sellowiana;19,13042416
20;Sul;Cupania vernalis;6,238873769
20;Sul;Sapium glandulosum;14,45126883
20;Sul;Dicksonia sellowiana;37,4650736
20;Sul;Banara tomentosa;6,334366735
20;Sul;Dicksonia sellowiana;28,61605877
20;Sul;Sapium glandulosum;8,594366927
20;Sul;Matayba elaeagnoides;19,41690306
20;Sul;Dicksonia sellowiana;17,92084659
20;Sul;Lamanonia ternata;6,875493542
20;Sul;Dicksonia sellowiana;14,57859279
20;Sul;Lithraea brasiliensis;40,36169357
20;Sul;Casearia obliqua;10,09042339
20;Sul;Lamanonia ternata;5,570423008
20;Sul;Casearia decandra;9,89943746
20;Sul;Araucaria angustifolia;25,78310078
20;Sul;Myrsine coriacea;19,19408614
20;Sul;Araucaria angustifolia;6,620845633
20;Sul;Sapium glandulosum;10,82253613
20;Sul;Sapium glandulosum;11,87295875
20;Sul;Lamanonia ternata;13,36901522
20;Sul;Sapium glandulosum;12,54140952
20;Sul;Dicksonia sellowiana;27,6929601
20;Sul;Sapium glandulosum;7,8304232
20;Sul;Matayba elaeagnoides;5,888732894
20;Sul;Ocotea pulchella;30,90788995
20;Sul;Cupania vernalis;8,212395064
20;Sul;Dicksonia sellowiana;40,99831334
20;Sul;Dasyphyllum tomentosum;5,570423008
20;Sul;Symplocos uniflora;7,957747155
20;Sul;Dicksonia sellowiana;42,90817266
20;Sul;Sapium glandulosum;9,45380362
20;Sul;Lamanonia ternata;8,944507802
20;Sul;Sapium glandulosum;16,2338042
20;Sul;Dicksonia sellowiana;21,35859336
20;Sul;Dicksonia sellowiana;25,14648101
21;Sul;Zanthoxylum rhoifolium;8,817183847
21;Sul;Celtis iguanaea;5,443099054
21;Sul;Sapium glandulosum;8,75352187
21;Sul;Araucaria angustifolia;54,43099054
21;Sul;Celtis iguanaea;6,716338598
21;Sul;Celtis iguanaea;6,875493542
21;Sul;Dicksonia sellowiana;27,08817131
21;Sul;Casearia obliqua;8,562535938
21;Sul;Celtis iguanaea;7,130141451
21;Sul;Celtis iguanaea;28,58422778
21;Sul;Duranta vestita;8,276057041
21;Sul;Blepharocalyx salicifolius;7,257465405
21;Sul;Campomanesia xanthocarpa;6,143380803
21;Sul;Araucaria angustifolia;13,84648005
21;Sul;Banara tomentosa;5,634084985
21;Sul;Araucaria angustifolia;13,52817016
21;Sul;Dicksonia sellowiana;21,39042435
21;Sul;Casearia obliqua;11,71380381
21;Sul;Casearia obliqua;21,00845249
21;Sul;Casearia decandra;6,366197724
21;Sul;Casearia obliqua;13,71915609
21;Sul;Casearia decandra;8,53070495
21;Sul;Xylosma ciliatifolia;9,262817688
21;Sul;Casearia obliqua;6,851061109
21;Sul;Podocarpus lambertii;6,589014644
21;Sul;Casearia decandra;7,766761223
21;Sul;Casearia decandra;11,04535305
21;Sul;Lithraea brasiliensis;23,07746675
21;Sul;Sapium glandulosum;15,27887454
21;Sul;Casearia decandra;6,079718826
21;Sul;Araucaria angustifolia;6,716338598
21;Sul;Solanum sanctaecatharinae;12,00028271
21;Sul;Casearia decandra;5,474930042
21;Sul;Araucaria angustifolia;10,6315502
21;Sul;Banara tomentosa;7,766761223
21;Sul;Celtis iguanaea;7,60760628
21;Sul;Celtis iguanaea;6,207042781
22;Sul;Matayba elaeagnoides;12,25493062
22;Sul;Cinnamomum amoenum;41,57127114
22;Sul;Matayba elaeagnoides;15,43802948
22;Sul;Dalbergia frutescens;12,15943765
22;Sul;Matayba elaeagnoides;19,576058
22;Sul;Matayba elaeagnoides;18,36648043
22;Sul;Matayba elaeagnoides;5,315775099
22;Sul;Matayba elaeagnoides;16,99774792
22;Sul;Eugenia pyriformis;19,89436789
22;Sul;Matayba elaeagnoides;15,9473253
22;Sul;Matayba elaeagnoides;12,0321137
22;Sul;Matayba elaeagnoides;15,40619849
22;Sul;Matayba elaeagnoides;9,071831756
22;Sul;Coutarea hexandra;22,57927986
22;Sul;Xylosma ciliatifolia;9,390141642
22;Sul;Xylosma ciliatifolia;6,90732453
22;Sul;Xylosma ciliatifolia;5,76140894
22;Sul;Casearia obliqua;18,1754945
22;Sul;Casearia obliqua;18,52563538
22;Sul;Casearia decandra;5,665915974
22;Sul;Maytenus dasyclada;9,994930426
22;Sul;Matayba elaeagnoides;21,93155116
22;Sul;Podocarpus lambertii;6,334366735
22;Sul;Casearia decandra;33,07913645
22;Sul;Matayba elaeagnoides;14,2602829
23;Sul;Casearia obliqua;26,39451219
23;Sul;Dasyphyllum spinescens;13,56000115
23;Sul;Araucaria angustifolia;10,50422624
23;Sul;Casearia obliqua;18,87730601
23;Sul;Casearia obliqua;17,18873385
23;Sul;Araucaria angustifolia;12,35042358
23;Sul;Duranta vestita;12,49774768
23;Sul;Allophylus edulis;14,41943784
23;Sul;Casearia decandra;17,13069167
23;Sul;Xylosma ciliatifolia;5,315775099
23;Sul;Araucaria angustifolia;30,87605896
23;Sul;Xylosma ciliatifolia;7,512113314
23;Sul;Dasyphyllum tomentosum;40,58451049
23;Sul;Xylosma ciliatifolia;16,74639777
23;Sul;Lithraea brasiliensis;38,59895557
23;Sul;Araucaria angustifolia;16,774931
23;Sul;Machaerium paraguariense;12,0321137
23;Sul;Erythroxylum deciduum;7,703099246
23;Sul;Casearia obliqua;9,803944494
23;Sul;Casearia obliqua;12,38225457
23;Sul;Oreopanax fulvus;6,429859701
23;Sul;Casearia decandra;7,174622927
23;Sul;Casearia obliqua;6,589014644
23;Sul;Casearia decandra;11,39549393
23;Sul;Sapium glandulosum;30,81239698
23;Sul;Casearia obliqua;6,429859701
23;Sul;Solanum sanctaecatharinae;23,8778459
24;Sul;Ilex theezans;18,89187275
24;Sul;Jacaranda puberula;15,46986047
24;Sul;Annona rugulosa;10,09042339
24;Sul;Casearia decandra;6,047636535
24;Sul;Jacaranda puberula;6,970986507
24;Sul;Lithraea brasiliensis;27,18366428
24;Sul;Jacaranda puberula;16,64760705
24;Sul;Sapium glandulosum;14,57859279
24;Sul;Dalbergia frutescens;6,302535746
24;Sul;Lithraea brasiliensis;26,41972055
24;Sul;Myrsine umbellata;6,685189668
24;Sul;Allophylus edulis;5,315775099
24;Sul;Casearia obliqua;42,28770498
24;Sul;Duranta vestita;6,875493542
24;Sul;Jacaranda puberula;9,06741902
24;Sul;Cedrela fissilis;14,89690267
24;Sul;Annona rugulosa;7,448451337
24;Sul;Eugenia pyriformis;5,621932944
24;Sul;Araucaria angustifolia;16,83859298
24;Sul;Casearia obliqua;15,52301728
24;Sul;Xylosma ciliatifolia;5,856901906
24;Sul;Araucaria angustifolia;8,180564075
24;Sul;Jacaranda puberula;6,620845633
24;Sul;Casearia obliqua;6,970986507
24;Sul;Machaerium paraguariense;29,28450953
24;Sul;Casearia obliqua;6,366197724
24;Sul;Casearia decandra;9,294648677
24;Sul;Myrcia guianensis;5,665915974
24;Sul;Casearia decandra;5,570423008
24;Sul;Jacaranda puberula;11,4591559
24;Sul;Sapium glandulosum;6,207042781
24;Sul;Celtis iguanaea;6,748169587
24;Sul;Xylosma ciliatifolia;7,766761223
24;Sul;Lithraea brasiliensis;25,54442291
24;Sul;Jacaranda puberula;5,443099054
24;Sul;Sapium glandulosum;9,740282517
24;Sul;Sapium glandulosum;7,639437268
24;Sul;Zanthoxylum rhoifolium;16,2338042
24;Sul;Dasyphyllum tomentosum;39,152116
24;Sul;Allophylus guaraniticus;10,18591636
25;Sul;Casearia decandra;10,41418303
25;Sul;Myrcia hatschbachii;6,892052242
25;Sul;Myrcia multiflora;31,0352139
25;Sul;Casearia obliqua;17,3478888
25;Sul;Maytenus dasyclada;18,30281846
25;Sul;Campomanesia xanthocarpa;33,2504502
25;Sul;Araucaria angustifolia;22,28169203
25;Sul;Araucaria angustifolia;47,74648293
25;Sul;Casearia decandra;12,12760666
25;Sul;Lithraea brasiliensis;14,96056465
25;Sul;Casearia decandra;7,512113314
25;Sul;Myrcia guianensis;13,62366313
25;Sul;Araucaria angustifolia;43,76760935
25;Sul;Eugenia pyriformis;13,1461983
25;Sul;Podocarpus lambertii;23,23662169
25;Sul;Jacaranda puberula;7,098310462
25;Sul;Nectandra megapotamica;16,96591693
25;Sul;Myrcia palustris;7,098310462
25;Sul;Drimys brasiliensis;13,21449988
25;Sul;Araucaria angustifolia;8,53070495
25;Sul;Sapium glandulosum;15,62901541
25;Sul;Casearia decandra;7,507323651
25;Sul;Prunus myrtifolia;29,9211293
25;Sul;Cupania vernalis;25,87859375
25;Sul;Casearia decandra;7,766761223
26;Sul;Casearia decandra;9,660324849
26;Sul;Casearia obliqua;7,734930234
26;Sul;Sapium glandulosum;14,67408575
26;Sul;Duranta vestita;8,339719018
26;Sul;Sapium glandulosum;10,75887415
26;Sul;Sapium glandulosum;23,42760762
26;Sul;Cupania vernalis;13,59764546
26;Sul;Cupania vernalis;14,64225476
26;Sul;Cupania vernalis;11,7456348
26;Sul;Casearia obliqua;5,920563883
26;Sul;Casearia obliqua;8,944507802
26;Sul;Machaerium paraguariense;36,39046364
26;Sul;Casearia decandra;9,199155711
26;Sul;Podocarpus lambertii;6,811831564
26;Sul;Ocotea pulchella;49,42584881
26;Sul;Sapium glandulosum;18,36648043
26;Sul;Jacaranda puberula;7,60760628
26;Sul;Sapium glandulosum;7,352958371
26;Sul;Jacaranda puberula;8,021409132
26;Sul;Myrsine coriacea;26,35605858
26;Sul;Jacaranda puberula;14,06929697
26;Sul;Jacaranda puberula;7,289296394
26;Sul;Casearia decandra;8,435211984
26;Sul;Sapium glandulosum;13,71915609
26;Sul;Casearia decandra;7,384789359
26;Sul;Jacaranda puberula;9,230986699
26;Sul;Sapium glandulosum;20,9766215
26;Sul;Jacaranda puberula;17,76169165
26;Sul;Sapium glandulosum;8,085071109
26;Sul;Sapium glandulosum;7,862254189
26;Sul;Duranta vestita;7,416620348
26;Sul;Casearia decandra;5,315775099
26;Sul;Podocarpus lambertii;11,04535305
26;Sul;Sapium glandulosum;11,39549393
26;Sul;Annona rugulosa;8,849014836
27;Sul;Jacaranda puberula;10,37690229
27;Sul;Myrcia palustris;12,79605742
27;Sul;Sapium glandulosum;6,238873769
27;Sul;Podocarpus lambertii;7,289296394
27;Sul;Sapium glandulosum;5,729577951
27;Sul;Casearia decandra;6,716338598
27;Sul;Vernonanthura discolor;32,62676333
27;Sul;Solanum sanctaecatharinae;8,148733086
27;Sul;Prunus myrtifolia;11,33183195
27;Sul;Sapium glandulosum;15,69267739
27;Sul;Casearia decandra;8,276057041
27;Sul;Jacaranda puberula;7,862254189
27;Sul;Myrsine umbellata;6,238873769
27;Sul;Sapium glandulosum;29,57098843
27;Sul;Vernonanthura discolor;32,91324223
27;Sul;Casearia decandra;5,156620156
27;Sul;Jacaranda puberula;16,26563518
27;Sul;Vernonanthura discolor;33,67718596
27;Sul;Casearia obliqua;11,42732491
27;Sul;Maytenus dasyclada;13,75098708
27;Sul;Ocotea pulchella;19,48056503
27;Sul;Myrsine umbellata;16,04281826
27;Sul;Jacaranda puberula;6,175211792
27;Sul;Lamanonia ternata;45,4691829
27;Sul;Roupala montana;6,90732453
27;Sul;Lithraea brasiliensis;29,28450953
27;Sul;Ocotea pulchella;37,68789052
27;Sul;Casearia decandra;5,156620156
27;Sul;Eugenia pyriformis;13,11436731
27;Sul;Casearia obliqua;7,448451337
27;Sul;Araucaria angustifolia;13,91014203
27;Sul;Cupania vernalis;9,103662745
27;Sul;Podocarpus lambertii;6,079718826
27;Sul;Allophylus edulis;5,029296202
27;Sul;Lithraea brasiliensis;32,30845345
27;Sul;Podocarpus lambertii;9,071831756
27;Sul;Ocotea pulchella;32,1492985
28;Sul;Gochnatia polymorpha;5,773969368
28;Sul;Lamanonia ternata;11,42572882
28;Sul;Jacaranda puberula;15,08788861
28;Sul;Casearia decandra;5,220282133
28;Sul;Podocarpus lambertii;10,12225438
28;Sul;Sapium glandulosum;8,658028904
28;Sul;Sapium glandulosum;10,56788822
28;Sul;Jacaranda puberula;8,021409132
28;Sul;Matayba elaeagnoides;26,61070648
28;Sul;Duranta vestita;11,33478219
28;Sul;Duranta vestita;8,374030762
28;Sul;Jacaranda puberula;14,45126883
28;Sul;Dicksonia sellowiana;18,65295933
28;Sul;Lithraea brasiliensis;67,57718884
28;Sul;Araucaria angustifolia;39,34310193
28;Sul;Casearia decandra;6,620845633
28;Sul;Dasyphyllum tomentosum;17,50704374
28;Sul;Duranta vestita;7,867471709
28;Sul;Dasyphyllum spinescens;15,91549431
28;Sul;Sapium glandulosum;19,38507207
28;Sul;Celtis iguanaea;5,665915974
28;Sul;Drimys brasiliensis;11,26816997
28;Sul;Campomanesia xanthocarpa;18,5136265
28;Sul;Sapium glandulosum;16,90225496
28;Sul;Dalbergia frutescens;18,22829293
29;Sul;Podocarpus lambertii;6,366197724
29;Sul;Duranta vestita;11,18269338
29;Sul;Casearia obliqua;5,188451145
29;Sul;Campomanesia xanthocarpa;17,0614099
29;Sul;Casearia decandra;6,493521678
29;Sul;Casearia decandra;6,21234568
29;Sul;Jacaranda puberula;5,53859202
29;Sul;Jacaranda puberula;10,72704316
29;Sul;Sapium glandulosum;27,05634033
29;Sul;Lithraea brasiliensis;30,79111417
29;Sul;Sapium glandulosum;25,87859375
29;Sul;Zanthoxylum rhoifolium;15,78817035
29;Sul;Araucaria angustifolia;22,12253709
29;Sul;Myrsine umbellata;7,798592212
29;Sul;Jacaranda puberula;12,98704336
29;Sul;Zanthoxylum rhoifolium;15,75633937
29;Sul;Sapium glandulosum;7,225634416
29;Sul;Myrsine umbellata;21,70873424
29;Sul;Araucaria angustifolia;16,36112815
29;Sul;Araucaria angustifolia;6,748169587
29;Sul;Blepharocalyx salicifolius;21,74056523
29;Sul;Casearia decandra;5,53859202
30;Sul;Sebastiania commersoniana;11,06606505
30;Sul;Casearia decandra;10,12225438
30;Sul;Sebastiania commersoniana;28,77521371
30;Sul;Sebastiania commersoniana;6,302535746
30;Sul;Ocotea pulchella;24,41436827
30;Sul;Lithraea brasiliensis;17,3478888
30;Sul;Duranta vestita;6,811831564
30;Sul;Casearia decandra;5,920563883
30;Sul;Solanum pabstii;6,811831564
30;Sul;Araucaria angustifolia;5,474930042
30;Sul;Araucaria angustifolia;7,225634416
30;Sul;Cinnamomum amoenum;6,493521678
30;Sul;Nectandra megapotamica;7,002817496
30;Sul;Araucaria angustifolia;5,53859202
30;Sul;Allophylus edulis;12,3185926
30;Sul;Ocotea diospyrifolia;18,7484523
30;Sul;Dicksonia sellowiana;28,29774888
30;Sul;Araucaria angustifolia;33,13605915
30;Sul;Casearia decandra;11,36366294
30;Sul;Casearia decandra;8,785352859
30;Sul;Zanthoxylum rhoifolium;13,4326772
30;Sul;Zanthoxylum rhoifolium;12,54140952
30;Sul;Zanthoxylum rhoifolium;8,562535938
30;Sul;Ilex theezans;7,543944303
30;Sul;Allophylus edulis;9,008169779
30;Sul;Sebastiania commersoniana;5,220282133
30;Sul;Zanthoxylum rhoifolium;11,7456348
30;Sul;Erythroxylum deciduum;20,21267777
30;Sul;Sebastiania commersoniana;26,86535439
30;Sul;Sebastiania commersoniana;19,576058
30;Sul;Sebastiania commersoniana;22,69301702
30;Sul;Eugenia pyriformis;5
30;Sul;Sebastiania commersoniana;9,040000768
30;Sul;Sebastiania commersoniana;12,85912847
30;Sul;Sebastiania commersoniana;14,5467618
30;Sul;Casearia decandra;6,557183655
30;Sul;Lamanonia ternata;6,652676621
31;Sul;Prunus myrtifolia;31,99014356
31;Sul;Podocarpus lambertii;13,91014203
31;Sul;Machaerium paraguariense;8,594366927
31;Sul;Araucaria angustifolia;5,53859202
31;Sul;Myrsine umbellata;6,875493542
31;Sul;Araucaria angustifolia;5,920563883
31;Sul;Roupala montana;11,93662073
31;Sul;Cinnamomum amoenum;29,88929831
31;Sul;Cinnamomum amoenum;18,62112834
31;Sul;Araucaria angustifolia;16,13831123
31;Sul;Casearia decandra;7,734930234
31;Sul;Lithraea brasiliensis;34,66244125
31;Sul;Araucaria angustifolia;14,89690267
31;Sul;Duranta vestita;11,71380381
31;Sul;Lithraea brasiliensis;21,99521314
31;Sul;Myrsine umbellata;5,825070917
31;Sul;Duranta vestita;10,99423178
31;Sul;Ocotea puberula;42,74901771
31;Sul;Xylosma tweediana;6,065119037
31;Sul;Myrsine umbellata;6,716338598
31;Sul;Casearia decandra;8,53070495
31;Sul;Lithraea brasiliensis;38,60007117
31;Sul;Araucaria angustifolia;17,79352264
31;Sul;Machaerium paraguariense;17,18873385
31;Sul;Casearia decandra;6,46169069
31;Sul;Ocotea pulchella;33,6245093
31;Sul;Blepharocalyx salicifolius;7,002817496
31;Sul;Araucaria angustifolia;32,1492985
31;Sul;Podocarpus lambertii;6,079718826
31;Sul;Machaerium paraguariense;9,89943746
31;Sul;Blepharocalyx salicifolius;5,252113122
31;Sul;Myrrhinium atropurpureum;9,803944494
31;Sul;Roupala montana;37,7015587
31;Sul;Machaerium paraguariense;15,53776165
31;Sul;Machaerium paraguariense;13,62366313
31;Sul;Machaerium paraguariense;6,016056849
31;Sul;Ocotea pulchella;8,467042972
31;Sul;Lithraea brasiliensis;13,36901522
31;Sul;Myrcia palustris;8,339719018
31;Sul;Casearia decandra;8,296232883
31;Sul;Araucaria angustifolia;10,15408537
32;Sul;Podocarpus lambertii;7,862254189
32;Sul;Lamanonia ternata;5,888732894
32;Sul;Drimys brasiliensis;6,650848754
32;Sul;Araucaria angustifolia;11,77746579
32;Sul;Duranta vestita;7,428155235
32;Sul;Handroanthus albus;20,27491555
32;Sul;Lithraea brasiliensis;18,68479032
32;Sul;Ilex theezans;5,98422586
32;Sul;Myrsine umbellata;6,366197724
32;Sul;Duranta vestita;5,156620156
32;Sul;Duranta vestita;11,78064846
32;Sul;Araucaria angustifolia;44,43606011
32;Sul;Jacaranda puberula;11,80929678
32;Sul;Jacaranda puberula;10,79070514
32;Sul;Annona rugulosa;7,734930234
32;Sul;Myrsine coriacea;23,01380477
32;Sul;Prunus myrtifolia;13,94197301
32;Sul;Prunus myrtifolia;27,05634033
32;Sul;Symplocos uniflora;11,33183195
32;Sul;Jacaranda puberula;6,843662553
32;Sul;Jacaranda puberula;8,53070495
32;Sul;Myrcia palustris;18,93943823
32;Sul;Ocotea pulchella;23,39577663
32;Sul;Jacaranda puberula;14,5467618
32;Sul;Podocarpus lambertii;11,20450799
32;Sul;Araucaria angustifolia;9,199155711
32;Sul;Myrcia palustris;5,029296202
32;Sul;Jacaranda puberula;6,047887837
32;Sul;Araucaria angustifolia;14,00563499
32;Sul;Myrcia palustris;9,89943746
32;Sul;Casearia decandra;5,347606088
32;Sul;Jacaranda puberula;7,066479473
32;Sul;Araucaria angustifolia;39,59774984
32;Sul;Drimys brasiliensis;5,156620156
32;Sul;Casearia decandra;5,825070917
32;Sul;Symplocos uniflora;5,347606088
33;Sul;Blepharocalyx salicifolius;6,652676621
33;Sul;Myrcia guianensis;7,957747155
33;Sul;Casearia decandra;7,639437268
33;Sul;Myrsine umbellata;9,67662054
33;Sul;Lithraea brasiliensis;30,04845326
33;Sul;Ilex theezans;13,81464906
33;Sul;Casearia decandra;9,326479665
33;Sul;Vernonanthura discolor;32,27662246
33;Sul;Casearia decandra;6,493521678
33;Sul;Lamanonia ternata;15,50169146
33;Sul;Drimys brasiliensis;6,143380803
33;Sul;Cupania vernalis;10,18591636
33;Sul;Myrcia guianensis;6,111549815
33;Sul;Banara tomentosa;7,512113314
33;Sul;Casearia decandra;8,880845825
33;Sul;Myrcia guianensis;6,426943825
33;Sul;Casearia decandra;8,594366927
33;Sul;Podocarpus lambertii;12,15943765
33;Sul;Ocotea pulchella;16,17014222
33;Sul;Coutarea hexandra;6,047887837
33;Sul;Casearia decandra;11,7456348
33;Sul;Duranta vestita;7,321127382
33;Sul;Myrcia guianensis;13,973804
33;Sul;Myrcia hatschbachii;21,65323911
33;Sul;Lamanonia ternata;41,15746828
33;Sul;Zanthoxylum rhoifolium;11,07718404
33;Sul;Banara tomentosa;11,26816997
33;Sul;Banara tomentosa;15,02422663
33;Sul;Dicksonia sellowiana;33,07239717
34;Sul;Myrcia hatschbachii;8,721690881
34;Sul;Lamanonia ternata;31,57634071
34;Sul;Banara tomentosa;6,238873769
34;Sul;Clethra scabra;7,766761223
34;Sul;Myrcia hatschbachii;5,825070917
34;Sul;Myrcia hatschbachii;14,76957872
34;Sul;Myrcia hatschbachii;8,180564075
34;Sul;Prunus myrtifolia;27,43831219
34;Sul;Casearia decandra;7,766761223
34;Sul;Myrcia guianensis;5,977873222
34;Sul;Xylosma ciliatifolia;10,66338119
34;Sul;Araucaria angustifolia;12,3185926
34;Sul;Cupania vernalis;6,875493542
34;Sul;Clethra scabra;13,65549412
34;Sul;Ilex theezans;25,27380496
34;Sul;Casearia decandra;9,517465597
34;Sul;Lamanonia ternata;23,52310059
34;Sul;Lamanonia ternata;26,83352341
34;Sul;Solanum sanctaecatharinae;14,99876184
35;Sul;Casearia decandra;5,284327603
35;Sul;Zanthoxylum rhoifolium;11,93662073
35;Sul;Casearia decandra;5,793239929
35;Sul;Eugenia uruguayensis;5,315775099
35;Sul;Nectandra megapotamica;26,26056561
35;Sul;Zanthoxylum rhoifolium;6,302535746
35;Sul;Myrsine umbellata;6,270704758
35;Sul;Lamanonia ternata;12,09577567
35;Sul;Podocarpus lambertii;5,379437077
35;Sul;Araucaria angustifolia;13,84648005
35;Sul;Lamanonia ternata;13,46450819
35;Sul;Cinnamomum amoenum;6,652676621
35;Sul;Myrsine coriacea;10,28140932
35;Sul;Araucaria angustifolia;21,99521314
35;Sul;Lithraea brasiliensis;12,5732405
35;Sul;Lamanonia ternata;9,708451529
35;Sul;Ilex theezans;6,016056849
35;Sul;Myrsine umbellata;7,480282325
35;Sul;Podocarpus lambertii;10,21774735
35;Sul;Myrcia hatschbachii;10,20167046
35;Sul;Araucaria angustifolia;22,40901599
35;Sul;Casearia decandra;7,384789359
35;Sul;Lamanonia ternata;12,20522307
35;Sul;Zanthoxylum rhoifolium;11,96845172
35;Sul;Myrsine umbellata;8,116902098
35;Sul;Casearia decandra;6,334366735
35;Sul;Casearia decandra;7,098310462
35;Sul;Lamanonia ternata;41,98507399
35;Sul;Podocarpus lambertii;5,76140894
35;Sul;Ilex theezans;5,856901906
35;Sul;Ocotea pulchella;10,88619811
35;Sul;Cupania vernalis;12,25493062
36;Sul;Cupania vernalis;16,56361821
36;Sul;Casearia obliqua;9,358310654
36;Sul;Cupania vernalis;10,79070514
36;Sul;Casearia obliqua;6,207042781
36;Sul;Cupania vernalis;20,72830459
36;Sul;Cupania vernalis;11,58647986
36;Sul;Zanthoxylum rhoifolium;12,22309963
36;Sul;Duranta vestita;18,01633956
36;Sul;Scutia buxifolia;8,244226052
36;Sul;Casearia decandra;7,512113314
36;Sul;Sapium glandulosum;14,5467618
36;Sul;Allophylus guaraniticus;13,8376963
36;Sul;Sapium glandulosum;24,54169222
36;Sul;Sapium glandulosum;18,90760724
36;Sul;Annona rugulosa;13,46586263
36;Sul;Lithraea brasiliensis;17,44338176
36;Sul;Cupania vernalis;9,040000768
36;Sul;Casearia decandra;8,562535938
36;Sul;Cupania vernalis;8,435211984
36;Sul;Cupania vernalis;6,207042781
36;Sul;Duranta vestita;8,085071109
36;Sul;Podocarpus lambertii;28,45690382
36;Sul;Podocarpus lambertii;9,549296586
36;Sul;Prunus myrtifolia;16,20197321
36;Sul;Araucaria angustifolia;24,66901618
36;Sul;Lamanonia ternata;13,11436731
36;Sul;Podocarpus lambertii;14,5467618
36;Sul;Podocarpus lambertii;19,06676218
36;Sul;Scutia buxifolia;10,33590971
36;Sul;Cupania vernalis;16,00143798
37;Sul;Vernonanthura discolor;18,36648043
37;Sul;Symplocos uniflora;12,35042358
37;Sul;Ilex theezans;6,175211792
37;Sul;Cinnamomum amoenum;24,98732607
37;Sul;Ilex dumosa;10,86817355
37;Sul;Ilex dumosa;9,071831756
37;Sul;Myrrhinium atropurpureum;10,24957834
37;Sul;Myrsine umbellata;8,085071109
37;Sul;Lamanonia ternata;7,766761223
37;Sul;Jacaranda puberula;12,89155039
37;Sul;Lamanonia ternata;7,448451337
37;Sul;Jacaranda puberula;10,21774735
37;Sul;Casearia decandra;15,31404708
37;Sul;Myrcia guianensis;14,23201198
37;Sul;Matayba elaeagnoides;7,193803428
37;Sul;Sapium glandulosum;21,68669339
37;Sul;Sapium glandulosum;32,75408729
37;Sul;Matayba elaeagnoides;19,95802986
37;Sul;Ocotea pulchella;16,42479013
37;Sul;Dicksonia sellowiana;16,87042397
37;Sul;Dicksonia sellowiana;15,62901541
37;Sul;Dicksonia sellowiana;15,27887454
37;Sul;Ilex microdonta;16,830829
37;Sul;Ocotea pulchella;7,130141451
37;Sul;Allophylus edulis;5,06112719
37;Sul;Dicksonia sellowiana;22,18126631
37;Sul;Allophylus guaraniticus;6,175211792
37;Sul;Sapium glandulosum;12,44591655
37;Sul;Dicksonia sellowiana;19,19408614
37;Sul;Dicksonia sellowiana;18,30281846
37;Sul;Lamanonia ternata;32,97189567
37;Sul;Dicksonia sellowiana;14,00563499
37;Sul;Cupania vernalis;13,20986028
37;Sul;Prunus myrtifolia;6,238873769
37;Sul;Casearia decandra;9,820930422
37;Sul;Prunus myrtifolia;13,81464906
37;Sul;Maytenus boaria;12,41408556
37;Sul;Prunus myrtifolia;30,08028424
37;Sul;Clethra scabra;27,82028405
37;Sul;Ocotea pulchella;7,225634416
37;Sul;Sapium glandulosum;6,748169587
37;Sul;Drimys brasiliensis;11,90478974
37;Sul;Myrcia guianensis;11,82965621
37;Sul;Jacaranda puberula;15,56535343
37;Sul;Myrsine umbellata;22,75915686
37;Sul;Styrax leprosus;6,207042781
37;Sul;Prunus myrtifolia;10,37690229
37;Sul;Clethra scabra;11,42732491
37;Sul;Matayba elaeagnoides;8,75352187
37;Sul;Cinnamomum amoenum;17,15690287
37;Sul;Roupala montana;12,09577567
37;Sul;Podocarpus lambertii;29,85746732
37;Sul;Casearia obliqua;5,920563883
38;Sul;Prunus myrtifolia;11,93662073
38;Sul;Dicksonia sellowiana;19,98986085
38;Sul;Casearia obliqua;11,49098689
38;Sul;Cupania vernalis;5,252113122
38;Sul;Scutia buxifolia;9,772113506
38;Sul;Zanthoxylum rhoifolium;6,811831564
38;Sul;Ilex theezans;32,88141124
38;Sul;Ocotea puberula;35,39605934
38;Sul;Roupala montana;12,73239545
38;Sul;Myrsine umbellata;11,49098689
38;Sul;Styrax leprosus;13,52817016
38;Sul;Roupala montana;12,28676161
38;Sul;Lamanonia ternata;17,50704374
38;Sul;Styrax leprosus;14,96056465
38;Sul;Myrcia hatschbachii;8,276057041
38;Sul;Casearia decandra;58,56901906
38;Sul;Cupania vernalis;15,9473253
38;Sul;Casearia decandra;6,780000576
38;Sul;Lamanonia ternata;59,8422586
38;Sul;Myrcia hatschbachii;14,2602829
38;Sul;Cupania vernalis;6,238873769
38;Sul;Dicksonia sellowiana;20,88112853
38;Sul;Casearia obliqua;6,525352667
38;Sul;Dicksonia sellowiana;16,4884521
38;Sul;Lamanonia ternata;17,22056484
38;Sul;Myrcia hatschbachii;5,443099054
38;Sul;Eugenia pluriflora;7,445049813
38;Sul;Lithraea brasiliensis;17,31605781
38;Sul;Schinus terebinthifolius;10,24957834
38;Sul;Podocarpus lambertii;46,60056734
39;Sul;Casearia obliqua;5,634084985
39;Sul;Myrcia palustris;6,016056849
39;Sul;Nectandra megapotamica;6,525352667
39;Sul;Cupania vernalis;15,24704355
39;Sul;Sapium glandulosum;20,72197359
39;Sul;Jacaranda puberula;11,14084602
39;Sul;Celtis iguanaea;10,53605723
39;Sul;Myrsine umbellata;8,626197916
39;Sul;Jacaranda puberula;6,557183655
39;Sul;Lithraea brasiliensis;32,91324223
39;Sul;Cupania vernalis;17,8726395
39;Sul;Araucaria angustifolia;7,289296394
39;Sul;Ocotea pulchella;8,53070495
39;Sul;Zanthoxylum rhoifolium;5,252113122
39;Sul;Jacaranda puberula;10,98169107
39;Sul;Lithraea brasiliensis;23,61859355
39;Sul;Araucaria angustifolia;11,96845172
39;Sul;NI ;9,390141642
39;Sul;Jacaranda puberula;12,41408556
39;Sul;NI ;11,17267701
39;Sul;Cupania vernalis;7,20815531
39;Sul;Myrcia palustris;6,238873769
39;Sul;Myrcia guianensis;5,828200993
39;Sul;Zanthoxylum rhoifolium;6,589014644
39;Sul;Jacaranda puberula;10,47239526
39;Sul;Matayba elaeagnoides;7,575775291
39;Sul;Casearia obliqua;6,560041641
40;Sul;Podocarpus lambertii;5,570423008
40;Sul;Eugenia uniflora;6,254445026
40;Sul;Roupala montana;7,098310462
40;Sul;Matayba elaeagnoides;6,493521678
40;Sul;Ocotea puberula;11,4591559
40;Sul;Ocotea pulchella;9,517465597
40;Sul;Lithraea brasiliensis;10,98169107
40;Sul;Myrsine umbellata;6,589014644
40;Sul;Dalbergia frutescens;7,734930234
40;Sul;Machaerium paraguariense;7,066479473
40;Sul;Cupania vernalis;5,474930042
40;Sul;Ilex theezans;5,289789342
40;Sul;Lamanonia ternata;5,029296202
40;Sul;Zanthoxylum rhoifolium;10,50422624
40;Sul;Lithraea brasiliensis;8,594366927
40;Sul;Myrsine umbellata;9,908031168
40;Sul;Matayba elaeagnoides;9,040000768
40;Sul;Podocarpus lambertii;14,168366
40;Sul;Zanthoxylum rhoifolium;13,65549412
40;Sul;Prunus myrtifolia;14,35351717
40;Sul;Allophylus guaraniticus;7,661223693
40;Sul;Casearia decandra;5,634084985
40;Sul;Lithraea brasiliensis;8,371550007
40;Sul;Blepharocalyx salicifolius;5,156620156
40;Sul;Lamanonia ternata;6,429859701
40;Sul;Duranta vestita;7,225634416
40;Sul;Sebastiania commersoniana;5,634084985
40;Sul;Myrsine coriacea;25,46479089
40;Sul;Myrcia palustris;12,58532242
40;Sul;Lithraea brasiliensis;6,557183655
40;Sul;Dalbergia frutescens;5,807650887
40;Sul;Roupala montana;12,82788841
40;Sul;Symplocos uniflora;22,75915686
40;Sul;Lamanonia ternata;6,843662553
40;Sul;Podocarpus lambertii;7,448451337
40;Sul;Podocarpus lambertii;9,644789551
40;Sul;Podocarpus lambertii;12,95521237
40;Sul;Casearia decandra;5,856901906
40;Sul;Roupala montana;7,8304232
40;Sul;Myrsine umbellata;9,981540277
40;Sul;Eugenia pluriflora;6,716338598
40;Sul;Machaerium stipitatum;19,99941015
40;Sul;Lithraea brasiliensis;14,88673097
41;Sul;Lamanonia ternata;33,8363409
41;Sul;Ilex dumosa;9,103662745
41;Sul;Sebastiania brasiliensis;6,970986507
41;Sul;Vernonanthura discolor;13,20986028
41;Sul;Oreopanax fulvus;12,41408556
41;Sul;Myrcia guianensis;7,8304232
41;Sul;Sebastiania brasiliensis;10,87660736
41;Sul;Vernonanthura discolor;17,3478888
41;Sul;Sapium glandulosum;12,92338138
41;Sul;Sapium glandulosum;16,87042397
41;Sul;Ocotea puberula;7,321127382
41;Sul;Nectandra megapotamica;9,993916649
41;Sul;Dalbergia frutescens;16,7701889
41;Sul;Cupania vernalis;9,368536456
41;Sul;Myrcia hatschbachii;26,76986143
41;Sul;Coutarea hexandra;7,8304232
41;Sul;Ocotea pulchella;7,671268257
41;Sul;Prunus myrtifolia;5,156620156
41;Sul;Casearia decandra;8,689859893
41;Sul;Eugenia uniflora;18,01633956
41;Sul;Lithraea brasiliensis;9,262817688
41;Sul;Lithraea brasiliensis;6,811831564
41;Sul;Ilex brevicuspis;24,73267816
41;Sul;Dicksonia sellowiana;20,6901426
41;Sul;Sebastiania brasiliensis;10,1707854
41;Sul;Nectandra lanceolata;7,957747155
41;Sul;Duranta vestita;14,67408575
41;Sul;Myrsine coriacea;19,00310021
41;Sul;Lithraea brasiliensis;6,716338598
41;Sul;Sebastiania brasiliensis;6,429859701
41;Sul;Styrax leprosus;11,20450799
41;Sul;Sebastiania brasiliensis;7,257465405
41;Sul;Ilex brevicuspis;6,557183655
41;Sul;Lithraea brasiliensis;7,8304232
41;Sul;Podocarpus lambertii;41,50760916
41;Sul;Ilex brevicuspis;8,021409132
42;Sul;Lauraceae 1;18,62112834
42;Sul;Ilex microdonta;11,93662073
42;Sul;Casearia decandra;5,729577951
42;Sul;Lamanonia ternata;15,53352245
42;Sul;Sebastiania brasiliensis;8,683794731
42;Sul;Cupania vernalis;16,36112815
42;Sul;Myrcia hatschbachii;24,79372487
42;Sul;Nectandra megapotamica;5,53859202
42;Sul;Myrcia hatschbachii;7,098310462
42;Sul;Scutia buxifolia;9,230986699
42;Sul;Scutia buxifolia;32,65859432
42;Sul;Araucaria angustifolia;38,06986239
42;Sul;Lithraea brasiliensis;41,3802852
43;Sul;Zanthoxylum rhoifolium;29,15718557
43;Sul;Cupania vernalis;9,294648677
43;Sul;Lamanonia ternata;24,03239641
43;Sul;Styrax leprosus;17,37971979
43;Sul;Casearia decandra;5,156620156
43;Sul;Jacaranda puberula;6,525352667
43;Sul;Prunus myrtifolia;17,85718461
43;Sul;Solanum sanctaecatharinae;8,212395064
43;Sul;Ilex brevicuspis;21,42225534
43;Sul;Podocarpus lambertii;22,44084698
43;Sul;Jacaranda puberula;9,390141642
43;Sul;Vernonanthura discolor;32,11746752
43;Sul;Dicksonia sellowiana;15,88366332
43;Sul;Dicksonia sellowiana;14,38760686
43;Sul;Casearia decandra;7,034648485
43;Sul;Vernonanthura discolor;34,18648178
43;Sul;Dicksonia sellowiana;17,82535363
43;Sul;Sapium glandulosum;14,64225476
43;Sul;Casearia decandra;10,6315502
43;Sul;Myrsine umbellata;17,00969525
43;Sul;Ilex brevicuspis;14,73774773
43;Sul;Zanthoxylum kleinii;9,963099438
43;Sul;Vernonanthura discolor;19,51239602
44;Sul;Matayba elaeagnoides;7,193803428
44;Sul;Schinus terebinthifolius;7,257465405
44;Sul;Matayba elaeagnoides;7,161972439
44;Sul;Matayba elaeagnoides;54,28136539
44;Sul;Blepharocalyx salicifolius;5,53859202
44;Sul;Matayba elaeagnoides;7,289296394
44;Sul;Inga sessilis;23,3101092
44;Sul;Matayba elaeagnoides;10,37475396
44;Sul;Matayba elaeagnoides;7,098310462
44;Sul;Matayba elaeagnoides;9,165611436
44;Sul;Machaerium paraguariense;5,697746963
44;Sul;Matayba elaeagnoides;5,188451145
44;Sul;Lithraea brasiliensis;7,734930234
44;Sul;Symplocos uniflora;7,289296394
44;Sul;Schinus terebinthifolius;17,89348951
44;Sul;Schinus terebinthifolius;9,667873535
44;Sul;Schinus terebinthifolius;6,970986507
44;Sul;Schinus terebinthifolius;5,53859202
44;Sul;Schinus terebinthifolius;10,2829367
44;Sul;Schinus terebinthifolius;7,862254189
44;Sul;Schinus terebinthifolius;15,5881197
44;Sul;Acca sellowiana;6,44606992
44;Sul;Schinus terebinthifolius;8,658028904
44;Sul;Blepharocalyx salicifolius;7,989578143
44;Sul;Symplocos uniflora;7,161972439
44;Sul;Schinus terebinthifolius;6,334366735
44;Sul;Schinus terebinthifolius;9,428476382
44;Sul;Annona rugulosa;13,45912669
44;Sul;Matayba elaeagnoides;37,05127075
44;Sul;Lithraea brasiliensis;5,856901906
44;Sul;Schinus terebinthifolius;7,512113314
44;Sul;Schinus terebinthifolius;7,60760628
44;Sul;Schinus terebinthifolius;11,97496853
44;Sul;Schinus terebinthifolius;7,544011456
44;Sul;Schinus terebinthifolius;9,708451529
44;Sul;Schinus terebinthifolius;9,103662745
44;Sul;Lithraea brasiliensis;8,757282906
44;Sul;Lithraea brasiliensis;6,175211792
44;Sul;Lithraea brasiliensis;17,76140642
44;Sul;Matayba elaeagnoides;6,334366735
44;Sul;Campomanesia xanthocarpa;6,003327829
44;Sul;Inga sessilis;20,89880763
44;Sul;Allophylus guaraniticus;14,92890334
44;Sul;Inga sessilis;14,97633638
44;Sul;Inga sessilis;5,635613385
44;Sul;Blepharocalyx salicifolius;5,200252293
44;Sul;Blepharocalyx salicifolius;5,474930042
45;Sul;Matayba elaeagnoides;11,53498988
45;Sul;Matayba elaeagnoides;12,81350506
45;Sul;Matayba elaeagnoides;8,53070495
45;Sul;Campomanesia xanthocarpa;10,18591636
45;Sul;Allophylus guaraniticus;6,334366735
45;Sul;Matayba elaeagnoides;8,021409132
45;Sul;Matayba elaeagnoides;6,493521678
45;Sul;Machaerium paraguariense;8,085071109
45;Sul;Myrcia palustris;10,67857323
45;Sul;Myrsine coriacea;10,02676141
45;Sul;Styrax leprosus;14,40973772
45;Sul;Styrax leprosus;15,62152588
45;Sul;Matayba elaeagnoides;26,83352341
45;Sul;Matayba elaeagnoides;27,17488511
45;Sul;Sapium glandulosum;19,09859317
45;Sul;Oreopanax fulvus;13,59723562
45;Sul;Dasyphyllum tomentosum;11,80929678
45;Sul;Allophylus guaraniticus;8,45632614
45;Sul;Schinus terebinthifolius;9,390141642
45;Sul;Matayba elaeagnoides;7,161972439
45;Sul;Casearia decandra;9,071831756
45;Sul;Ilex theezans;6,525352667
45;Sul;Duranta vestita;7,919841662
45;Sul;Duranta vestita;6,953231565
45;Sul;Allophylus guaraniticus;5,634084985
45;Sul;Matayba elaeagnoides;7,257465405
45;Sul;Duranta vestita;8,362164892
45;Sul;Matayba elaeagnoides;27,57329877
45;Sul;Duranta vestita;7,925916166
45;Sul;Dasyphyllum tomentosum;14,43555513
45;Sul;Matayba elaeagnoides;9,517465597
45;Sul;Cupania vernalis;9,581127574
45;Sul;Dasyphyllum tomentosum;15,88366332
45;Sul;Duranta vestita;5,347606088
45;Sul;Matayba elaeagnoides;8,53070495
45;Sul;Cupania vernalis;7,734930234
45;Sul;Escallonia bifida;9,67662054
45;Sul;Escallonia bifida;11,49098689
45;Sul;Allophylus guaraniticus;7,536553744
46;Sul;Myrsine coriacea;5,347606088
46;Sul;Dasyphyllum tomentosum;7,60760628
46;Sul;Allophylus guaraniticus;6,977959675
46;Sul;Matayba elaeagnoides;5,443099054
46;Sul;Matayba elaeagnoides;9,167324722
46;Sul;Matayba elaeagnoides;7,225634416
46;Sul;Banara tomentosa;9,008169779
46;Sul;Matayba elaeagnoides;8,118399888
46;Sul;Matayba elaeagnoides;8,562535938
46;Sul;Matayba elaeagnoides;6,90732453
46;Sul;Myrsine coriacea;8,307888029
46;Sul;Cupania vernalis;7,766761223
46;Sul;Cupania vernalis;7,052557625
46;Sul;Lithraea brasiliensis;12,11105328
46;Sul;Myrsine coriacea;14,86507168
46;Sul;Cupania vernalis;7,629948393
46;Sul;Blepharocalyx salicifolius;6,279423942
46;Sul;Matayba elaeagnoides;10,15408537
46;Sul;Ocotea pulchella;16,75329372
46;Sul;Matayba elaeagnoides;5,825070917
46;Sul;Solanum sanctaecatharinae;6,079718826
46;Sul;Matayba elaeagnoides;21,99521314
46;Sul;Cupania vernalis;5,650247052
46;Sul;Cupania vernalis;13,55723621
46;Sul;Cupania vernalis;9,835775483
46;Sul;Cupania vernalis;7,804047045
46;Sul;Cupania vernalis;5,754546242
46;Sul;Lithraea brasiliensis;8,689859893
46;Sul;Lithraea brasiliensis;7,671268257
46;Sul;Duranta vestita;8,021409132
46;Sul;Duranta vestita;7,953735439
46;Sul;Allophylus guaraniticus;14,23589144
46;Sul;Myrcia guianensis;6,662264699
46;Sul;Myrtaceae sp.;9,712625187
46;Sul;Matayba elaeagnoides;9,411051283
46;Sul;Lithraea brasiliensis;7,225634416
46;Sul;Allophylus guaraniticus;6,531870882
46;Sul;Dasyphyllum tomentosum;14,80140971
46;Sul;Zanthoxylum rhoifolium;10,55008814
46;Sul;Blepharocalyx salicifolius;11,73117688
46;Sul;Machaerium paraguariense;10,02029208
46;Sul;Matayba elaeagnoides;6,302535746
46;Sul;Lithraea brasiliensis;7,703099246
46;Sul;Lithraea brasiliensis;16,72242131
46;Sul;Matayba elaeagnoides;9,199155711
46;Sul;Casearia decandra;7,480282325
46;Sul;Casearia decandra;12,82461011
46;Sul;Lithraea brasiliensis;9,199155711
46;Sul;Machaerium paraguariense;11,26816997
46;Sul;Dasyphyllum tomentosum;12,70056446
46;Sul;Blepharocalyx salicifolius;6,016056849
46;Sul;Dasyphyllum tomentosum;19,64776636
46;Sul;Lithraea brasiliensis;9,288760259
47;Sul;Casearia obliqua;17,3478888
47;Sul;Dicksonia sellowiana;17,37971979
47;Sul;Matayba elaeagnoides;20,53098766
47;Sul;Lithraea brasiliensis;12,92338138
47;Sul;Banara tomentosa;8,985251557
47;Sul;Banara tomentosa;5,283944111
47;Sul;Dasyphyllum tomentosum;22,44084698
47;Sul;Matayba elaeagnoides;11,10901503
47;Sul;Matayba elaeagnoides;29,02986162
47;Sul;Allophylus guaraniticus;8,562535938
47;Sul;Solanum sanctaecatharinae;5,634084985
47;Sul;Solanum sanctaecatharinae;12,44591655
47;Sul;Allophylus guaraniticus;5,347606088
47;Sul;Nectandra lanceolata;26,43959786
47;Sul;Allophylus guaraniticus;7,11563222
47;Sul;Sebastiania brasiliensis;9,199155711
47;Sul;Dicksonia sellowiana;18,93943823
47;Sul;Dicksonia sellowiana;16,83859298
47;Sul;Dicksonia sellowiana;22,12253709
47;Sul;Dicksonia sellowiana;15,78817035
47;Sul;Cupania vernalis;16,07464925
47;Sul;Banara tomentosa;5,315775099
47;Sul;Dalbergia frutescens;11,01352206
47;Sul;Annona rugulosa;14,02970458
47;Sul;Dicksonia sellowiana;16,42479013
47;Sul;Cinnamomum amoenum;5,283944111
47;Sul;Ocotea pulchella;5,220282133
47;Sul;Lithraea brasiliensis;13,40084621
47;Sul;Dicksonia sellowiana;19,8625369
48;Sul;Sebastiania commersoniana;7,225634416
48;Sul;Myrsine umbellata;5,06112719
48;Sul;Allophylus guaraniticus;6,748169587
48;Sul;Cupania vernalis;24,35070629
48;Sul;Lithraea brasiliensis;17,47521275
48;Sul;Dasyphyllum tomentosum;8,116902098
48;Sul;Sebastiania commersoniana;5,53859202
48;Sul;Banara tomentosa;5,06112719
48;Sul;Styrax leprosus;18,87577625
48;Sul;Oreopanax fulvus;8,944507802
48;Sul;Cupania vernalis;8,562535938
48;Sul;Dasyphyllum tomentosum;10,98169107
48;Sul;Blepharocalyx salicifolius;14,45126883
48;Sul;Cupania vernalis;8,244226052
48;Sul;Allophylus guaraniticus;5,443099054
48;Sul;Duranta vestita;12,3605512
48;Sul;Oreopanax fulvus;5,315775099
48;Sul;Prunus myrtifolia;12,8597194
48;Sul;Lithraea brasiliensis;15,9473253
48;Sul;Allophylus guaraniticus;15,33067786
48;Sul;Lithraea brasiliensis;36,64075871
49;Sul;Dasyphyllum tomentosum;47,07271594
49;Sul;Nectandra megapotamica;27,03983935
49;Sul;Lithraea brasiliensis;25,59211485
49;Sul;Escallonia bifida;19,60788899
49;Sul;Sebastiania commersoniana;5,283944111
49;Sul;Lithraea brasiliensis;8,75352187
49;Sul;Citronella paniculata;6,970986507
49;Sul;Xylosma ciliatifolia;5,315775099
49;Sul;Jacaranda puberula;5,252113122
49;Sul;Sebastiania brasiliensis;12,47523004
49;Sul;Allophylus guaraniticus;6,652676621
49;Sul;Vernonanthura discolor;18,08000154
49;Sul;Ocotea pulchella;43,48921561
49;Sul;Duranta vestita;11,70627613
49;Sul;Sebastiania brasiliensis;14,79648022
49;Sul;Scutia buxifolia;12,70056446
49;Sul;Oreopanax fulvus;22,53633994
49;Sul;Xylosma tweediana;5,825070917
49;Sul;Sebastiania commersoniana;7,512113314
49;Sul;Allophylus guaraniticus;12,57070183
49;Sul;Allophylus guaraniticus;5,283944111
49;Sul;Machaerium paraguariense;12,61913038
49;Sul;Myrsine umbellata;8,626197916
49;Sul;Sebastiania commersoniana;6,429859701
49;Sul;Myrsine umbellata;6,90732453
49;Sul;Dasyphyllum spinescens;20,24450876
49;Sul;Matayba elaeagnoides;42,71718673
50;Sul;Xylosma ciliatifolia;8,276057041
50;Sul;Matayba elaeagnoides;8,276057041
50;Sul;Xylosma ciliatifolia;7,785589131
50;Sul;Matayba elaeagnoides;5,76140894
50;Sul;Solanum pabstii;11,65014183
50;Sul;Dalbergia frutescens;6,43560877
50;Sul;Dalbergia frutescens;7,56118318
50;Sul;Casearia obliqua;7,862254189
50;Sul;Escallonia bifida;9,230986699
50;Sul;Escallonia bifida;12,5732405
50;Sul;Escallonia bifida;14,73774773
50;Sul;Dalbergia frutescens;15,9518674
50;Sul;Dalbergia frutescens;8,103347006
50;Sul;Inga sessilis;6,111549815
50;Sul;Inga sessilis;9,576261802
50;Sul;Inga sessilis;11,36303878
50;Sul;Matayba elaeagnoides;14,42611167
50;Sul;Matayba elaeagnoides;42,30413833
50;Sul;Machaerium paraguariense;5,506761031
50;Sul;Machaerium paraguariense;5,379437077
50;Sul;Ocotea pulchella;6,843662553
50;Sul;Matayba elaeagnoides;7,321127382
50;Sul;Matayba elaeagnoides;5,920563883
50;Sul;Matayba elaeagnoides;8,116902098
50;Sul;Matayba elaeagnoides;8,148733086
50;Sul;Inga sessilis;11,88319487
50;Sul;Allophylus guaraniticus;14,47680221
50;Sul;Inga sessilis;18,06811705
50;Sul;Inga sessilis;12,8788117
50;Sul;Mimosa scabrella;28,20225592
50;Sul;Roupala montana;11,61831085
50;Sul;Inga sessilis;8,562535938
50;Sul;Inga sessilis;7,488743229
50;Sul;Inga sessilis;10,78032456
50;Sul;Inga sessilis;5,665915974
